text,label,pos,neg,neu
jade thirwall n i love her voice n she is beautiful n she slays everyday n cares a lot bout fans n used to dye her h ‚Ä¶,neu,0.41,0.0,0.59
love you lopa,pos,0.677,0.0,0.323
we need more people like her congratz girl you did a good job,neu,0.362,0.0,0.638
how do i live by leann rimes at komplek grand koserna 2 ‚Äî,neu,0.25,0.0,0.75
west ham confirm that a ¬£ 25m fee has been agreed with marseille for dimitri payet,neu,0.139,0.0,0.861
they are the best of mates kp and both 100 x more humble than you have shown you are ever capable of,neu,0.264,0.0,0.736
it is my biggest fantasty to know that you are watching me,neu,0.0,0.0,1.0
the surprising benefits of training in the heat,neu,0.439,0.0,0.561
so you are voting against a50 then,neu,0.0,0.0,1.0
tbh i do not have any friends who likes monsta x so when i get turned up bc of mx they be lookin at me like they wanna unfriend me,neu,0.166,0.08,0.753
oh yeah,pos,0.688,0.0,0.312
i wish michel roux would stop saying everything in a fucking french accent on food and drink,neu,0.151,0.123,0.726
please stand up as a strong voice against this madness this is going down as one of our lowest points,neu,0.211,0.225,0.564
shared carribean calamity always on the prowl eager to pounce and antiamerican shared sentiments gig revelation i ‚Ä¶,neu,0.36,0.0,0.64
give me your tired your poor the story behind the statue of libertys famous immigration poem,neu,0.0,0.3,0.7
just in noddshaped clouds spark a social media storm in mexico n nhttps,neu,0.16,0.0,0.84
hi i love u for making this thank u,pos,0.639,0.0,0.361
you are welcome chris,neu,0.5,0.0,0.5
that is what they all said about cruz i cannot respect a guy that is too scared to defend belts,neu,0.0,0.254,0.746
this is a great song go tell it by reuben lael ft candy west,neu,0.255,0.0,0.745
this is so cute oh my god can bts react to him,neu,0.374,0.0,0.626
smp soube,neu,0.0,0.0,1.0
someone please dm tweet me if you can get me a camila video i will love you forever,neu,0.317,0.0,0.683
no he needs good body guards the ones with plastic hands,neu,0.206,0.156,0.638
thank god for the 23 friends that actually care about me and check on me you guys know who you are you are a blessing i swear,neu,0.411,0.035,0.554
up for sale is a 1975 kia escalade,neu,0.0,0.412,0.588
an educated man is one who has so developed the faculties of his mind that he may acquire anything n hill,neu,0.0,0.0,1.0
a short film youll like,neu,0.455,0.0,0.545
oldest champions blast from the past,neu,0.405,0.0,0.595
im earning in shower thoughts with mpoints,neu,0.0,0.0,1.0
enter here for a chance to win a 1000 rifle scope it is free to enter,neu,0.453,0.0,0.547
old memories bubble up to the surface accompanied by a bitters more for libra,neu,0.0,0.104,0.896
jimmy carter banned arabs back in the 70s and nobody said anything,neu,0.0,0.214,0.786
there is an antichrist in the white house,neu,0.0,0.0,1.0
i was thinking the same but like a poo once you flush who care where it goes as long as the shit is gone,neu,0.407,0.0,0.593
found a transponder snail ncandid pics from the alubarna palace baths nhttps,neu,0.0,0.0,1.0
i liked a video one ok rock bedroom warfare official video,neu,0.379,0.167,0.455
watching you looks mind blowing n n,neu,0.0,0.0,1.0
take a,neu,0.0,0.0,1.0
hahaha whaaat the fuck is this n nervous laughter,pos,0.415,0.341,0.244
you start the day only to be stopped by a cosmic knock on the more for pisces,neu,0.0,0.112,0.888
again your skewd logic comes to the fore,neu,0.0,0.0,1.0
or just unfollow you could do that as well,neu,0.208,0.0,0.792
my heart is broken n n,neg,0.0,0.508,0.492
only you could have met me from 4 years ago we would have so much fun,neu,0.204,0.0,0.796
java developer backend n nposition type contract nworking hours fulltime nsalary s 4000 s 5000 per month n nhttps,neu,0.0,0.0,1.0
im gonna sleep rn but js i got a job interview saturday and im bc its one step closer to getting exo tickets and car insurance lmao,neu,0.182,0.0,0.818
umm does not this show net questions down because they are already answered while in js land new ones are coming up all the time,neu,0.0,0.0,1.0
java programme that autogenerates abstract results and discussion sections of we live in the future,neu,0.0,0.0,1.0
any team looking for a freelance frontend dev on a project someone i know is looking for a new csswithadashofjs job near amsterdam,neu,0.109,0.0,0.891
cool demo for a sin wav using on,neu,0.211,0.33,0.459
i wanna work at arvo but at the same time i fux with mocha java tough but at the same time arvo would not hire my nonaesthetic ass,neu,0.0,0.213,0.787
new job alert node js by vhh,neu,0.268,0.0,0.732
black michael kors python embossed cross body purse dust bag,neu,0.0,0.0,1.0
today java script,neu,0.0,0.0,1.0
js na in a few moments,neu,0.0,0.0,1.0
tweets and python bff 3 2503783098 15878,neu,0.438,0.0,0.562
the road for java mobile has already has been made and the path made easy nokia come up with savaje os nhttps,neu,0.121,0.0,0.879
black michael kors python embossed cross body purse dust bag,neu,0.0,0.0,1.0
black michael kors python embossed cross body purse dust bag,neu,0.0,0.0,1.0
kjs 531 01 x8664 extra n support for js scripting in applications n 20170213,neu,0.197,0.0,0.803
lyrical python,neu,0.0,0.0,1.0
how does nodejs manage timers internally via n nhttps,neu,0.0,0.0,1.0
king of kill or js,neg,0.0,0.54,0.46
i love jackjae so much kings of talking on social media,neu,0.318,0.0,0.682
nadai kubuy js but those shoes cost more than my rent damn,neu,0.0,0.244,0.756
need a contract web developer in london apply at,neu,0.0,0.0,1.0
cr inverted fork ocr belt buckle ocr bow tie unique asterisk 22c8 306 n n10 n nprint n nchr 2055 rnd 1 n n n ngoto n n10 n npython 131 182,neu,0.0,0.151,0.849
firmate,neu,0.0,0.0,1.0
applejuicejs,neu,0.0,0.0,1.0
commotionjs,neu,0.0,0.0,1.0
introduction to data science how to big data with python by ‚Ä¶,neu,0.0,0.0,1.0
automated security and dependency updates for python projects,neu,0.255,0.0,0.745
leading investment bank paris front office modelling quant associatedirector emploi finance 15,neu,0.0,0.0,1.0
c java developer trillys systems year contract opportunity in ottawa on,neu,0.237,0.0,0.763
‚ñ≥ script async src charset utf 8 script ‚óè,neu,0.0,0.0,1.0
black michael kors python embossed cross body purse dust bag,neu,0.0,0.0,1.0
at alexander o neal never knew love like this,neu,0.0,0.477,0.523
online discussion system budget ‚Çπ 1500 ‚Çπ 12500 inr jobs html java javascript php sql,neu,0.0,0.0,1.0
just updated my app without redeploying using myjrebel devs can now stop redeploying in java for free,neu,0.161,0.107,0.732
js cas is not gay for dean cas is gay in general cmon,neu,0.0,0.0,1.0
etid deserves to be in the ranks of metallica gojira and baroness amongst the other great metal rock nominees ‚Ä¶,neu,0.186,0.0,0.814
‚Äú css in js the argument refined ‚Äù by,neu,0.0,0.294,0.706
featured twice even thanks again for your hard work every week,neu,0.218,0.105,0.677
new post added c for c developers automatic garbage collection,neu,0.0,0.0,1.0
use coupon javadis 9 to learn for beginners 10,neu,0.0,0.0,1.0
aaah these two,neu,0.0,0.0,1.0
js right,neu,0.0,0.0,1.0
i don t know that you can equate lower age of stackoverflow questions per annum with the decline of a platform ‚Ä¶,neu,0.0,0.115,0.885
javarevisited 10 singleton pattern interview questions in java answered,neu,0.0,0.0,1.0
four nodejs gotchas that operations teams should know about,neu,0.0,0.0,1.0
mobile internship new york ny,neu,0.0,0.0,1.0
java developer norcross ga usa istaff job title java developer cutting edge technology company is se,neu,0.0,0.091,0.909
day 0 of learning python i am doing a brief research for certain resources that i can use to my advantage so i do not waste any time,neu,0.251,0.0,0.749
tweets and python bff 3 2505263140 92241,neu,0.438,0.0,0.562
posted by websummit rt totorocoderdojo a busy day of python and pair programming totorocoderdojo webs ‚Ä¶,neu,0.0,0.0,1.0
top python news best tweets of the week 0602 17 ‚Äì 1202 17,neu,0.375,0.0,0.625
switch color from java code n nhttps,neu,0.0,0.0,1.0
dutech systems inc is hiring a sw engineer java j2ee in austin tx j2ee,neu,0.172,0.0,0.828
experimenting with async await in nodejs 7 nightly via,neu,0.167,0.0,0.833
machine learning predict error n nhttps,neu,0.0,0.403,0.597
email verification link in java n nhttps,neu,0.0,0.0,1.0
nodejs for embedded systems,neu,0.0,0.0,1.0
apache spark 20 python do big data analytics and ml,neu,0.174,0.0,0.826
new lead full stack developer reactjs angular 20 urgent city of london,neu,0.141,0.0,0.859
tweets and python bff 3 7494019 7666307 9,neu,0.438,0.0,0.562
can someone explain all in python,neu,0.0,0.0,1.0
surfaces twitter is most shared content just now it presented this,neu,0.212,0.0,0.788
oh it is pleased to see u around im jay btw so how js it going,neu,0.172,0.0,0.828
easytouse and generalpurpose machine learning in python submit at,neu,0.0,0.0,1.0
if you use an old oracle java release you may need to upgrade manually pinned certificates node will also need updating,neu,0.0,0.0,1.0
do consider my request if i had the resources i would have my own mobile range for sale njava dev do not complain about verbosity,neu,0.088,0.0,0.912
at jeffrey osborne don t you get so mad,neu,0.0,0.37,0.63
make a fluid painting in your browser ni will call mine chaos monday ‚Ä¶,neu,0.0,0.252,0.748
java is a b equivalent to a a b for boolean values nhttps operators,neu,0.252,0.0,0.748
companiesdo you need contact us now,neu,0.0,0.0,1.0
just ‚Äì space js,neu,0.0,0.0,1.0
datefns jssoda datejs tend to promote thmslvs as lite alternatives to momentjs i can hardly name just one it depends,neu,0.126,0.0,0.874
we are looking for two experienced freelance javascript 6 es6 vuejs developers this cool job is 100 remote,neu,0.243,0.0,0.757
news js ireland morning business news february 13 rteie start min ‚Ä¶,neu,0.0,0.0,1.0
c developers required at mid and snr level for a recent entrant to the ni fintech community apply here ‚Ä¶,neu,0.0,0.0,1.0
kenya bans export of snakes to zoos and pet shops,neu,0.0,0.0,1.0
dutech systems inc is hiring a sdet java and selenium in austin tx qa,neu,0.172,0.0,0.828
remote fullstack nodejs engineer,neu,0.0,0.0,1.0
‚Äú giving super powers to rails nested forms with vuejs ‚Äî part 2 ‚Äù,neu,0.441,0.0,0.559
get under the hood of wordpress and customize it to meet your needs,neu,0.0,0.0,1.0
script async src charset utf 8 script,neu,0.0,0.0,1.0
show hn automated security and dependency updates for python projects,neu,0.211,0.0,0.789
like it,pos,0.714,0.0,0.286
hacker news show hn automated security and dependency updates for python projects,neu,0.179,0.0,0.821
i thought the rain funds were returned n it hd started rainin so effin hot bt wait hate rain cz traffic js th worst x1thousand but but,neu,0.0,0.255,0.745
client for side ‚Ä¶,neu,0.0,0.0,1.0
ddark lake days 2016 official video,neu,0.0,0.0,1.0
java liquid gunrizm safa versn rage arak shottzy clawsy and applesub,neu,0.0,0.265,0.735
smile to your alarm clock nhttps,neu,0.281,0.27,0.449
web hosting with java php tomcat glassfish and jboss,neu,0.0,0.0,1.0
in other news michel is now 18 years old and gabriel wrote his first java code,neu,0.0,0.0,1.0
how do i parse xml in python,neu,0.0,0.0,1.0
java curam consultant jobs in seattle wa,neu,0.0,0.0,1.0
cloud developer c java python jobs in london greater london,neu,0.238,0.0,0.762
hiring interns fresh graduates for java developer position jobs in herndon virginia,neu,0.173,0.0,0.827
tweets and python bff 3 2507923970 15552,neu,0.438,0.0,0.562
oupa manyisa mpho makola n thabo matlaba must js leave the club or ppl will hurt them cz really they undermining the club,neu,0.0,0.28,0.72
if u let ur creativity runs wild art can be done in js a sec,neu,0.178,0.0,0.822
reekohnode 10 0 reekoh plugin sdks and rest api wrappers for nodejs,neu,0.0,0.0,1.0
they watch n complain this hater will not c wht d hm are going thru but theyll all cum out when the start kissin,neu,0.0,0.169,0.831
good,pos,1.0,0.0,0.0
idk i think 9b went there not sure tho,neu,0.0,0.359,0.641
competing but have a young core too,neu,0.0,0.0,1.0
sign up for tonight is,neu,0.0,0.0,1.0
check out the mission on,neu,0.0,0.0,1.0
a terrorist asking to cut funds to other terrorists ü§î,neg,0.0,0.686,0.314
i listened to on bandsintown,neu,0.0,0.0,1.0
not tyranny having to carry healthcare or auto insurance nactual tyranny having to show customs papers to deplan ‚Ä¶,neu,0.0,0.0,1.0
apple iphone 6s 32gb verizon 102 1 space gray works great giveaway rt and follow,neu,0.24,0.0,0.76
i liked a video skatiin tun 3,neu,0.483,0.0,0.517
lmao my uncle got a beard and a bald head he invited all 4 of his baby mothers to my granny house 3 years ago and left when they got to fighting,neu,0.12,0.077,0.802
first time i could use the word fun to describe an exam,neu,0.248,0.0,0.752
one spewed over the cuckoo is nest,neu,0.0,0.0,1.0
nyou turn it on then you are gone yeah you drive me,neu,0.167,0.0,0.833
6 inmates escaped jail by removing toilet and,neu,0.0,0.0,1.0
why is he so cute huhu and so handsome specially in the first clip my hearteu,neu,0.363,0.0,0.637
thanks babygirl,pos,0.744,0.0,0.256
trump is retelling for the 5th or 6th time his story about how he apparently thought losing 70000 factories since nafta was a typo,neu,0.0,0.106,0.894
i think im going to go back to school to be an art teacher,neu,0.0,0.0,1.0
part 1 hundreds of hours of audio they need our help to transcribe retweet to help spread the message nhttps,neu,0.241,0.0,0.759
my mom is literally the only person i text she my bff Ô∏è,neu,0.281,0.0,0.719
video cctv footage shows missing man who vanished a month ago,neu,0.0,0.196,0.804
this song is on another level   but i hope quetta jeetay,neu,0.3,0.0,0.7
scored first 12 3 of the night with saeed bin suroor trained top score under adrie de vries in the ‚Ä¶,neu,0.091,0.0,0.909
bae sings amboi amboi amboi amboi amboi amboi bc you wanna act all cute by swatching all those makeup in sephora on him,neu,0.12,0.0,0.88
lol wear a wig outside today and you will never see it again,neu,0.203,0.0,0.797
you should always be learning if you re the smartest person in the room you re in the wrong place erica bearman,neu,0.148,0.114,0.738
please support branding bud including 300 cannabrands from the u s you can buy it here,neu,0.294,0.0,0.706
a dream is a wish your heart makes n nalleyes onnadine n,neu,0.439,0.0,0.561
i love mingyu,pos,0.808,0.0,0.192
cba for pretentious hipsters who will not give you the time of day if you wear a bra or eat meat or do not have a certain aesthetic,neu,0.0,0.068,0.932
a dream is a wish your heart makes n nalleyes onnadine n,neu,0.439,0.0,0.561
ready to get pampered for the big day on saturday,neu,0.217,0.0,0.783
a dream is a wish your heart makes n nalleyes onnadine n,neu,0.439,0.0,0.561
holding my pee because i do not like using these nasty school bathrooms,neu,0.0,0.363,0.637
this n njohn dies at the end,neu,0.0,0.0,1.0
apple macbook pro a1278 133 core i5 laptop june 2012,neu,0.0,0.0,1.0
i wake up to my girl pranking me and im not laughing so who wanna see get out tomorrow lol,neu,0.125,0.117,0.758
a dream is a wish your heart makes n nalleyes onnadine n,neu,0.439,0.0,0.561
a dream is a wish your heart makes n nalleyes onnadine n,neu,0.439,0.0,0.561
i didnt even notice that lol,neu,0.412,0.0,0.588
a dream is a wish your heart makes n nalleyes onnadine n,neu,0.439,0.0,0.561
tryin out a new product,neu,0.0,0.0,1.0
at least i have a cool personality,neu,0.365,0.0,0.635
just made the switch to now im on the hunt for a code send one my way please,neu,0.126,0.0,0.874
project veritas released 119 hours of raw audio in a wikileaks style dump,neu,0.0,0.191,0.809
oh my fucking god lol,pos,0.646,0.0,0.354
a dream is a wish your heart makes n nalleyes onnadine n,neu,0.439,0.0,0.561
a dream is a wish your heart makes n nalleyes onnadine n,neu,0.439,0.0,0.561
so hello nanyways ni tried to focus but couldnt ngod why did not i ask for your full name neverything in life will always be mirrored,neu,0.0,0.0,1.0
classic movie 3 holly golightly he is all right are not you cat poor cat poor slob poor slob w,neu,0.338,0.0,0.662
come join me or you will be left behind,neu,0.216,0.0,0.784
high on loving you,pos,0.565,0.0,0.435
there is a birth of a giraffe live on fb and all of the comments consist of people in arguments about if giraffes lay eggs or give live birth,neu,0.0,0.094,0.906
i was unable to by my ticket months ago for now floor tickets going for 80 in boston,neu,0.0,0.0,1.0
comment apple struck exactly the right note with its naming of apple park as we learn more poll ‚Ä¶,neu,0.0,0.105,0.895
join the macy is retail team see our latest opening here pa,neu,0.167,0.0,0.833
come on let is hope the result stands at chelmsford come on stewards give us a thumps up,neu,0.153,0.0,0.847
sand P dow hit record highs as oil prices rally,neu,0.0,0.0,1.0
deportation plans cast shadow on trump envoy talks with mexico,neu,0.0,0.0,1.0
weekly what is happened this week in the journey to exit the eu read the latest edition ‚Ä¶,neu,0.0,0.0,1.0
iran says oil prices over 55 per barrel harmful for opec fars,neu,0.0,0.0,1.0
reuters select from trump seeking jobs advice from firms laying off workers to a wanted man in india ‚Ä¶,neu,0.0,0.0,1.0
pope suggests it is better to be atheist than hypocritical catholic,neu,0.195,0.201,0.604
what to know about the trappist 1 solar system via,neu,0.0,0.0,1.0
why tech breakthroughs will take a backseat in the upcoming apple iphone launch,neu,0.0,0.0,1.0
iraqi forces storm mosul airport military base via,neu,0.0,0.0,1.0
dutch antiislam leader geert wilders cancels events due to security leak,neu,0.163,0.293,0.544
astronomers find seven earthsize planets where life is possible,neu,0.0,0.0,1.0
malaysia requests interpol alert on four north koreans over airport murder via,neu,0.13,0.278,0.592
morgan stanley weighs initial 300 brexit job moves bloomberg,neu,0.0,0.0,1.0
google to help publishers find malicious comments on articles,neu,0.252,0.0,0.748
from wartorn syria to the german countryside meet the syrian sisters seeking a new life in europe ‚Ä¶,neu,0.0,0.0,1.0
u s jobless claims up fourweek average lowest since 1973,neu,0.0,0.271,0.729
north korea raps old ally china after china is ban on coal,neu,0.0,0.247,0.753
pope suggests better to be atheist than hypocritical catholic,neu,0.225,0.233,0.543
thursday morning briefing red red meat,neu,0.0,0.0,1.0
land rush around pakistan is gwadar port triggered by chinese investment,neu,0.0,0.0,1.0
nyse plans trial run for snap ipo,neu,0.0,0.0,1.0
audi board volkswagen to back underfire audi boss sources,neu,0.0,0.0,1.0
deportation plans cast shadow on trump envoy talks with mexico,neu,0.0,0.0,1.0
spain reports outbreak of highly contagious h5n8 bird flu virus in ducks,neu,0.0,0.346,0.654
trump inauguration singer asks to enlighten him on transgender rights,neu,0.268,0.0,0.732
peterson leading joburg open as rain halts play,neu,0.255,0.0,0.745
this video supposedly of the tuas fire psa it is fake,neu,0.0,0.379,0.621
thanks but it is been debunked as fake,neu,0.161,0.343,0.496
google dutch institute crack key internet security standard,neu,0.255,0.0,0.745
ghosn hands nissan reins to costfocused lieutenant,neu,0.0,0.0,1.0
barca looking to rediscover top form at atletico,neu,0.205,0.0,0.795
audi ceo not facing immediate dismissal by supervisory board sources,neu,0.0,0.0,1.0
pope suggests better to be atheist than hypocritical catholic,neu,0.225,0.233,0.543
barclays reports surprise capital boost as legal costs loom,pos,0.477,0.144,0.379
our officers did extremely well minister shanmugam hails for fighting tuas fire,neu,0.147,0.301,0.552
norwegian air steps up transatlantic pressure with us 65 fares,neu,0.0,0.196,0.804
mali soldiers armed groups hold first joint patrol in northern town,neu,0.0,0.0,1.0
us jobless claims up fourweek average lowest since 1973,neu,0.0,0.245,0.755
paceman umesh takes four as india restrict australia,neu,0.0,0.271,0.729
swedish citizen jailed for facebook call to fund is,neu,0.0,0.286,0.714
